sheetRow,title,representativeDisplayTitle,linkType,link
2,"Pan Card - Correction Service","Pan Card Correction Service",bodyUrl,"https://drive.google.com/file/d/1z3ZkOwci8BhoI6M0WviOsY9q5Um29Ec3/view?usp=sharing"
2,"Pan Card - Correction Service","Pan Card Correction Service",faqBody,"https://drive.google.com/file/d/1RHnBwfKfXYcJPoeGZb8HfethXH5plIt7/view?usp=drive_link"
3,"New Pan Card Application Service","new pan card application",bodyUrl,"https://drive.google.com/file/d/1Z7wrGjbP-mYwVHRIqfL4G_uwvjf_BoWk/view?usp=sharing"
3,"New Pan Card Application Service","new pan card application",faqBody,"https://drive.google.com/file/d/1ShGNCTS7MMhn63xxtsxmDxK4WwG43w4V/view?usp=drive_link"
4,"Ready to Secure Health Coverage 
for You or Your Parents?","Ready to Secure Health Coverage 
for You or Your Parents?",bodyUrl,"https://drive.google.com/file/d/1VY8hVmv_QdiNNQm1T40Yc8XUQFfwc5jg/view?usp=drivesdk"
4,"Ready to Secure Health Coverage 
for You or Your Parents?","Ready to Secure Health Coverage 
for You or Your Parents?",faqBody,"https://drive.google.com/file/d/15i3AQddyxq4EfZqEWxRVdsyBzd1sVUHK/view?usp=drive_link"
5,"eShram Card Application Service","eShram card application",bodyUrl,"https://drive.google.com/file/d/1kOT8jcN13Xfx3lIFCrx-4ZW5SKWgzVxW/view?usp=drivesdk"
5,"eShram Card Application Service","eShram card application",faqBody,"https://drive.google.com/file/d/1HkUhw77Z0ZSYYoQjXamzPyljSQfLMx2E/view?usp=drive_link"
6,"Swasthya Sathi Application Service","Swasthya Sathi Application",bodyUrl,"https://drive.google.com/file/d/16MD5wFRh0tUkWrI5fzlLfggB-SXzd_uT/view?usp=sharing"
6,"Swasthya Sathi Application Service","Swasthya Sathi Application",faqBody,"https://drive.google.com/file/d/10sp_osCJricKHhtjUpfPU6jcYaZF5AFM/view?usp=sharing"
7,"UDID Card Application Service","UDID Card Application",bodyUrl,"https://drive.google.com/file/d/1RCZ2Dvuk77tt_9kY5WsEqMj5gQIOfxV3/view?usp=sharing"
7,"UDID Card Application Service","UDID Card Application",faqBody,"https://drive.google.com/file/d/17a4qQELKaWHVvNqD0ncDWMAi8kEgjW5j/view?usp=drive_link"
8,"APAAR ID Registration","APAAR ID Registration",bodyUrl,"https://drive.google.com/file/d/1HiUJKztZhFvPmTFPAVCD9QW7TD0IQoRm/view?usp=sharing"
8,"APAAR ID Registration","APAAR ID Registration",faqBody,"https://drive.google.com/file/d/1o4-FmT8hBIPtvse0GtGS1cpxys-ubstZ/view?usp=drive_link"
9,"ABHA Card Application","ABHA Card Application",bodyUrl,"https://drive.google.com/file/d/1dCCHTLgIOzMc_xD3q4seIJtY3NdVAgoI/view?usp=sharing"
9,"ABHA Card Application","ABHA Card Application",faqBody,"https://drive.google.com/file/d/1_dIPO3ghBh9r7nWrXoTxghz3CxG1VSzG/view?usp=drive_link"
10,"Make Correction In Your Voter Card Online","Voter Card Correction",bodyUrl,"https://drive.google.com/file/d/1zEsoU8SnbSf9_EzpjAvQV6GhXI2mhY7S/view?usp=sharing"
10,"Make Correction In Your Voter Card Online","Voter Card Correction",faqBody,"https://drive.google.com/file/d/10T3i_0QctKlelYYXmYZE2U-4IuPcpkSF/view?usp=drive_link"
11,"PM Suraksha Bima Yojana Application","PM Suraksha Bima Yojana Application",bodyUrl,"https://drive.google.com/file/d/1n5G7MU5fMzzYsxmxvjZlgAzFayC8mEC1/view?usp=sharing"
11,"PM Suraksha Bima Yojana Application","PM Suraksha Bima Yojana Application",faqBody,"https://drive.google.com/file/d/1xPJ1DMfVCryFYaJvcTtV5hMg4NZItAz_/view?usp=drive_link"
12,"Kisan Registration","Kisan Registration",bodyUrl,"https://drive.google.com/file/d/1GYKIatZian-774qaXM53lAPFXNNQzAIg/view?usp=sharing"
12,"Kisan Registration","Kisan Registration",faqBody,"https://drive.google.com/file/d/1VwHCheignyjXCPl5ZuZZTaOlB2TXNg0P/view?usp=drive_link"
13,"Book Your High Security Registration Plate (HSRP) Online","Still Driving Without HSRP?",bodyUrl,"https://drive.google.com/file/d/1NpetM23KULDYo2QTTPq2Ppau0YR7R63l/view?usp=sharing"
13,"Book Your High Security Registration Plate (HSRP) Online","Still Driving Without HSRP?",faqBody,"https://drive.google.com/file/d/1katrcbJeTglqqMIOPD3gqq57_-RMEn5N/view?usp=sharing"
14,"Apply Online For Your Learner’s Driving License","Learner’s Driving License",bodyUrl,"https://drive.google.com/file/d/1M0c7bIafb3sAx6IT79xVL9CzcbVqkIgG/view?usp=drivesdk"
14,"Apply Online For Your Learner’s Driving License","Learner’s Driving License",faqBody,"https://drive.google.com/file/d/1_SS5r6eY6llqcCK9xOzuYJoWA4ERhzfG/view?usp=drive_link"
15,"Report Cyber Crime Complaint Online","Cyber Crime Complaint",bodyUrl,"https://drive.google.com/file/d/1Yjw26vhzeXoXY8COob5uc_t_m0QSiqy3/view?usp=drivesdk"
15,"Report Cyber Crime Complaint Online","Cyber Crime Complaint",faqBody,"https://drive.google.com/file/d/1zhOercyiGW0HRv2LoO5Zf_FLgDupRfWU/view?usp=drive_link"
16,"Change Your Driving License Address Online","Driving License Address Change",bodyUrl,"https://drive.google.com/file/d/1qnMH5yxHv-d9mCbJqhhvrt-NPj0gYrEC/view?usp=drivesdk"
16,"Change Your Driving License Address Online","Driving License Address Change",faqBody,"https://drive.google.com/file/d/1XpQq5T8WrerP5CQ4x-WFahjGE-lcf-t7/view?usp=sharing"
17,"Get Your New Passport Today","Passport Application Online 2026: Step-by-Step Guide | Apply Now",bodyUrl,"https://drive.google.com/file/d/1PD2Zd9Altd-bqvbrGmOBOeiEE_-FZz9a/view?usp=sharing"
17,"Get Your New Passport Today","Passport Application Online 2026: Step-by-Step Guide | Apply Now",faqBody,"https://drive.google.com/file/d/1mKeSkvUDW7tbxlyAAFco4rlrj3VEgSEI/view?usp=sharing"
18,"Get Your Duplicate RC Plastic Card At Your Doorstep","Duplicate RC Plastic Card",bodyUrl,"https://drive.google.com/file/d/16irobpyNQFvaIvA_CZmLYW2VvE-qw6bG/view?usp=drive_link"
18,"Get Your Duplicate RC Plastic Card At Your Doorstep","Duplicate RC Plastic Card",faqBody,"https://drive.google.com/file/d/1r2myYHbXV-tVHIfKhv777Sfz69n7BLZg/view?usp=drive_link"
19,"Activate Your UAN Today Online","UAN Activation Process",bodyUrl,"https://drive.google.com/file/d/1D5nIO-FIh5PVywwkeDk9y0eh7pSSol2r/view?usp=drive_link"
19,"Activate Your UAN Today Online","UAN Activation Process",faqBody,"https://drive.google.com/file/d/1tI9GqiXRw0njbWuLnkwxPsyOKYz6kaUA/view?usp=drive_link"
20,"Need To Get Your Passport Renewed? Do It Now!","Passport Renewal Application",bodyUrl,"https://drive.google.com/file/d/1BMYl3HxwhorRRXtOFJa1vyVE2M3UTOlA/view?usp=drivesdk"
20,"Need To Get Your Passport Renewed? Do It Now!","Passport Renewal Application",faqBody,"https://drive.google.com/file/d/1DKOFCnZ_2uGQ_dcJmuVvzvjjXfayDEAu/view?usp=drive_link"
21,"Apply Online for Colour-Coded Fuel Stickers","Colour Coded Fuel Sticker Apply Online",bodyUrl,"https://drive.google.com/file/d/1gpgyAYnoeA5DMWhyHMaZg7O-8CpA-z0V/view?usp=drivesdk"
21,"Apply Online for Colour-Coded Fuel Stickers","Colour Coded Fuel Sticker Apply Online",faqBody,"https://drive.google.com/file/d/1zBnE1y7R6THn9y7C0g4yHGxSNC0OhCvO/view?usp=drive_link"
22,"Change Your Address On Aadhaar Card. Click Here!","Aadhaar Address Update Process",bodyUrl,"https://drive.google.com/file/d/1gLeMo9I8dDQc5j-J7AatNAtBMAQPP30t/view?usp=drivesdk"
22,"Change Your Address On Aadhaar Card. Click Here!","Aadhaar Address Update Process",faqBody,"https://drive.google.com/file/d/1v-Qswb6B9O8v4TeEAXem3_JcwpyITLdK/view?usp=drive_link"
23,"Reprint Your PAN Card Online Today!","Reprint PAN Card Online",bodyUrl,"https://drive.google.com/file/d/1h_x-qp5pHa5nHrYanD8cdhYxf9sxHgsp/view?usp=drivesdk"
23,"Reprint Your PAN Card Online Today!","Reprint PAN Card Online",faqBody,"https://drive.google.com/file/d/1NtaDz6ShJVVTSy4_q9gB5b3g759irzDM/view?usp=drive_link"
24,"Get Your Voter Card Online!","Apply For New Voter Card",bodyUrl,"https://drive.google.com/file/d/1kxk6xpuaj-n4cmM1yMTL77XIAiwU8Ilh/view?usp=drivesdk"
24,"Get Your Voter Card Online!","Apply For New Voter Card",faqBody,"https://drive.google.com/file/d/1xXzKyflVhl8B0YUQ4Ef3RHRRWl_MF7ji/view?usp=drive_link"
25,"Complete Your LPG eKYC Process Online!","LPG eKYC Process",bodyUrl,"https://drive.google.com/file/d/1SdgUqJJY6Rgfpogg8t1YAk5GyoKYz88q/view?usp=drivesdk"
25,"Complete Your LPG eKYC Process Online!","LPG eKYC Process",faqBody,"https://drive.google.com/file/d/1Lq8g9pOMEg1IYRm3alQEqBN8Tp3q4Ost/view?usp=drive_link"
26,"Apply for your Senior Citizen Card today","Apply for Your Senior Citizen Card Today",bodyUrl,"https://drive.google.com/file/d/1pHDlVyOWDJ1Sh8ANfAKKBCU7gvweUPhC/view?usp=sharing"
26,"Apply for your Senior Citizen Card today","Apply for Your Senior Citizen Card Today",faqBody,"https://drive.google.com/file/d/1ZVT3LMJTLDK5gNmI18A1vn-nMqTea7O_/view?usp=drive_link"
27,"Apply Now for Your Labour Card Online","Apply For Labour Card",bodyUrl,"https://drive.google.com/file/d/1Foxz8rmKMvYvwlMf0msePwZ3QOLFYAap/view?usp=drivesdk"
27,"Apply Now for Your Labour Card Online","Apply For Labour Card",faqBody,"https://drive.google.com/file/d/1XTFrBCqWw2nV1CvvtdXKOTdHavV6Citf/view?usp=drive_link"
28,"Enroll In PMSBY Today - Register Online","Apply For PM Suraksha Bima Yojana",bodyUrl,"https://drive.google.com/file/d/18iNjmwe3G-RGSCIsLDLi2cbZfUdlj061/view?usp=drivesdk"
28,"Enroll In PMSBY Today - Register Online","Apply For PM Suraksha Bima Yojana",faqBody,"https://drive.google.com/file/d/1uOfYFPuBZtA5v6ZrpM14GSAT_dZYioIp/view?usp=drive_link"
29,"Apply for the Divyangjan Railway Concession Card Today","Register for Divyangjan Railway Card",bodyUrl,"https://drive.google.com/file/d/1dCS-ACpL2L_3C6H_02HNpkdOi177BxXZ/view?usp=sharing"
29,"Apply for the Divyangjan Railway Concession Card Today","Register for Divyangjan Railway Card",faqBody,"https://drive.google.com/file/d/1AGQszy9dil_hERUABkvtHXNJVyOwud9j/view?usp=drive_link"
30,"Apply Online For PM Ujjwala Yojana Today.","Get LPG Connection With Ujjwala Yojana",bodyUrl,"https://drive.google.com/file/d/1GyA3jJ7kk2_IyI3uzSCD_G3UIR32Yssh/view?usp=sharing"
30,"Apply Online For PM Ujjwala Yojana Today.","Get LPG Connection With Ujjwala Yojana",faqBody,"https://drive.google.com/file/d/1MVYwosFRLF9ilzCSc3YbrtWfySBGHtx4/view?usp=drive_link"
31,"Seed your Aadhaar with your bank account online","Aadhaar Seeding With Bank Account Service.",bodyUrl,"https://drive.google.com/file/d/1HQZH5yTYw27k92Dxqwrt53pqeaNFZaJB/view?usp=sharing"
31,"Seed your Aadhaar with your bank account online","Aadhaar Seeding With Bank Account Service.",faqBody,"https://drive.google.com/file/d/1ZBiTvVvy-7lIoUy-T-gwwhqc3h18e0JD/view?usp=drive_link"
32,"Pay Online Vehicle Tax Online In Just Few Steps.","Make Vehicle Tax Payment Online",bodyUrl,"https://drive.google.com/file/d/194zPYx6sZEDuSYWn7xQ0olYNBTd8Oc0z/view?usp=sharing"
32,"Pay Online Vehicle Tax Online In Just Few Steps.","Make Vehicle Tax Payment Online",faqBody,"https://drive.google.com/file/d/1Q5l0wib1CJr0ff3mH3j0DRedsB7yS5kZ/view?usp=drive_link"
33,"Apply Online For Sai Baba Darshan Service With Just A Few Clicks!","Register For Sai Baba Darshan Program Online",bodyUrl,"https://drive.google.com/file/d/1r-ktK_xD11_M4F-1xn89ec4Jm6uh4UJ9/view?usp=sharing"
33,"Apply Online For Sai Baba Darshan Service With Just A Few Clicks!","Register For Sai Baba Darshan Program Online",faqBody,"https://drive.google.com/file/d/1vpewDTo8mwdYhvKgRxkawvtua_D_BCFH/view?usp=drive_link"
34,"Apply For Pradhan Mantri Jeevan Jyoti Bima Yojana Online","Get 2 Lakh Life Isurance Covered With PMJJBY",bodyUrl,"https://drive.google.com/file/d/1yM3bEerCw22KlpcYD-Htsuo2LcmcAl9I/view?usp=drivesdk"
34,"Apply For Pradhan Mantri Jeevan Jyoti Bima Yojana Online","Get 2 Lakh Life Isurance Covered With PMJJBY",faqBody,"https://drive.google.com/file/d/1iD1M_gSb1YPNBtBeaUja73yU-7W6H83V/view?usp=drive_link"
35,"Complete Your PAN-Aadhaar Linking Online","Online PAN-Aadhaar Linking Service",bodyUrl,"https://drive.google.com/file/d/1jENazUxiJYuCPEajnsAp_fD6exKJpscG/view?usp=drivesdk"
35,"Complete Your PAN-Aadhaar Linking Online","Online PAN-Aadhaar Linking Service",faqBody,"https://drive.google.com/file/d/1SaGUA86wv3ei-qBeJsw_OZtligxghPxL/view?usp=drive_link"
36,"Generate Your Aadhaar PVC Card Online","Online Aadhaar PVC Card Service",bodyUrl,"https://drive.google.com/file/d/1_udzEV8JSQ212BAHWg9IF2Lv_9Wfgw9G/view?usp=drivesdk"
36,"Generate Your Aadhaar PVC Card Online","Online Aadhaar PVC Card Service",faqBody,"https://drive.google.com/file/d/19q1vYHMwUh_hl63Xtvs7QHzDfejO3fx2/view?usp=drive_link"
37,"Create Online Affidavit From Home","Online Affidavit Creation",bodyUrl,"https://drive.google.com/file/d/12WPQerSk8lDqqLSHE33ZintVTqnigGuk/view?usp=drivesdk"
37,"Create Online Affidavit From Home","Online Affidavit Creation",faqBody,"https://drive.google.com/file/d/1C7GrcC36bUPmscnwUff9ItzYlEHcBbuL/view?usp=drive_link"
38,"Udyam Registration – Apply for MSME Certificate Online","Complete Your Udyam Registration Now",bodyUrl,"https://drive.google.com/file/d/1rnBINm33pWQrFNT8eCdBr_W49LNsEUcZ/view?usp=drivesdk"
38,"Udyam Registration – Apply for MSME Certificate Online","Complete Your Udyam Registration Now",faqBody,"https://drive.google.com/file/d/13s_j237Jta4Cjvx_0erCyEAJpO36S4Qr/view?usp=sharing"
39,"Secure Your Driving License with Aadhaar Number","Complete Your DL Aadhaar Linking Now",bodyUrl,"https://drive.google.com/file/d/1ErZbge8OfSmE9Dh90zPmclAsDpZCd6nS/view?usp=sharing"
39,"Secure Your Driving License with Aadhaar Number","Complete Your DL Aadhaar Linking Now",faqBody,"https://drive.google.com/file/d/1u0nf8Zo-wSjHZD30NnO6lzRjSYRRQHir/view?usp=sharing"
40,"RC Aadhaar Number link","Link RC & Aadhaar Instantly",bodyUrl,"https://drive.google.com/file/d/1RZxYmFhbibWJkrTq3JNUOpz99iDCX9r3/view?usp=drivesdk"
40,"RC Aadhaar Number link","Link RC & Aadhaar Instantly",faqBody,"https://drive.google.com/file/d/1jKp_PHEPEEhJ4GZFeyH8rFjDJ9ySpQUy/view?usp=drive_link"
41,"Atal Pension Yojana Apply Online","Atal Pension Yojana",bodyUrl,"https://drive.google.com/file/d/1At0ffchwPMi584X6WY872RXStTxDZZ1-/view?usp=drivesdk"
41,"Atal Pension Yojana Apply Online","Atal Pension Yojana",faqBody,"https://drive.google.com/file/d/13ItPuY9YioUjebSQqC3l686yDsGOqZWf/view?usp=drive_link"
42,"Online Kashi Vishwanath Darshan Booking","Kashi Vishwanath Darshan Booking",bodyUrl,"https://drive.google.com/file/d/1tZeoczsUlXrhfUGrrHmsyFGG8kyS7p7Q/view?usp=drivesdk"
42,"Online Kashi Vishwanath Darshan Booking","Kashi Vishwanath Darshan Booking",faqBody,"https://drive.google.com/file/d/1yF8KdCiW2VOvuEvIKkEJCJDJGsbaZzCA/view?usp=drive_link"
43,"Online Mahakaleshwar Darshan Booking","Mahakaleshwar Darshan Booking",bodyUrl,"https://drive.google.com/file/d/1nMwXx3EzXKRwgHRZkuPHkSbS0aV72jt2/view?usp=drivesdk"
43,"Online Mahakaleshwar Darshan Booking","Mahakaleshwar Darshan Booking",faqBody,"https://drive.google.com/file/d/1qy6EUNES1LX4U5Bu_GxgVWKN10t1ieZN/view?usp=drive_link"
44,"Online Srisaila Devasthanam Booking","Srisaila Devasthanam Online Booking",bodyUrl,"https://drive.google.com/file/d/1WT19sSLVeEtmfKA1r173JejvPVRxE5Sw/view?usp=drivesdk"
44,"Online Srisaila Devasthanam Booking","Srisaila Devasthanam Online Booking",faqBody,"https://drive.google.com/file/d/1cFkSqUlVXDy0-JNbb_2Gg3SOcG8-iTmv/view?usp=drive_link"
45,"Vitthal Rukmini Online Booking","Online Vitthal Rukmini Darshan Booking",bodyUrl,"https://drive.google.com/file/d/11HyDd9mFYYkBpslBXb2T-Ec3jiHQ2aYY/view?usp=drivesdk"
45,"Vitthal Rukmini Online Booking","Online Vitthal Rukmini Darshan Booking",faqBody,"https://drive.google.com/file/d/12XM4U3W6dUZkzvKsLLnfUZYfGIeVpIXd/view?usp=drive_link"
46,"Ram Janmabhoomi Online Booking","Ram Janmabhoomi Online Booking",bodyUrl,"https://drive.google.com/file/d/1iLR31_c32n2D-DNsPwfNAliOqdX7R6P6/view?usp=drivesdk"
46,"Ram Janmabhoomi Online Booking","Ram Janmabhoomi Online Booking",faqBody,"https://drive.google.com/file/d/1TYzLOwy6_cjboJHjzCzayLTDvalglab2/view?usp=drive_link"
47,"MSRTC Bus Booking Online","Online MSRTC Bus Booking",bodyUrl,"https://drive.google.com/file/d/1BEEUyW0-7nBKbuGxJb0EXhPBRyfiNNyC/view?usp=drivesdk"
47,"MSRTC Bus Booking Online","Online MSRTC Bus Booking",faqBody,"https://drive.google.com/file/d/1NrJJDePsFhxA2emdOreepWfPFktX3ZHf/view?usp=drive_link"
48,"Update The PM Kisan eKYC and Mobile Online","PM Kisan eKYC and Mobile Update",bodyUrl,"https://drive.google.com/file/d/1InCoLkTqbWyPtPqyolMC1Oq_b_v-NZ8k/view?usp=drivesdk"
48,"Update The PM Kisan eKYC and Mobile Online","PM Kisan eKYC and Mobile Update",faqBody,"https://drive.google.com/file/d/1bJyNY3FK50KFb7Q0aYLIRndGBmro4BeJ/view?usp=drive_link"
49,"Register for FSSAI Food License","Register for FSSAI Food License",bodyUrl,"https://drive.google.com/file/d/1FWVVCE5mEPeErBdkhMaX5zey5QgoOUx-/view?usp=drivesdk"
49,"Register for FSSAI Food License","Register for FSSAI Food License",faqBody,"https://drive.google.com/file/d/1fymHTmWkqfqhtjk2EQjbJ_ZUDBTHbG7R/view?usp=drive_link"
50,"Renew Your FSSAI Food License Online","Renew Your FSSAI Food License Online",bodyUrl,"https://drive.google.com/file/d/1h99a6YsBcqX1D0_egR_wca4cA9HQW2z1/view?usp=sharing"
50,"Renew Your FSSAI Food License Online","Renew Your FSSAI Food License Online",faqBody,"https://drive.google.com/file/d/1CARZpFdvODkmnxA_QMtj4LkfbJBf47RZ/view?usp=drive_link"
51,"Create Your Farmer ID Online","Create Your Farmer ID Online",bodyUrl,"https://drive.google.com/file/d/1AMfC2Rbz03HaE9kktdUdyju3V_sxQa21/view?usp=sharing"
51,"Create Your Farmer ID Online","Create Your Farmer ID Online",faqBody,"https://drive.google.com/file/d/1UJ-Lh0bAcLulEMrJRKvRnPyzrkyT7Gxt/view?usp=drive_link"
52,"Apply for Haryana Income Certificate","Apply for Haryana Income Certificate",bodyUrl,"https://drive.google.com/file/d/1NhEUf528Etk5Vbmh2P_SNSxCN2YsfGRg/view?usp=sharing"
52,"Apply for Haryana Income Certificate","Apply for Haryana Income Certificate",faqBody,"https://drive.google.com/file/d/1WF1WQ_F-CyB4gMr8C42W7JiyVIsGa20U/view?usp=drive_link"
53,"Apply Online For The Resident Certificate Haryana","Resident Certificate Haryana Application Process",bodyUrl,"https://drive.google.com/file/d/1cGUcoX6_V2_lRQ1NULewFb-D-VmBTRVC/view?usp=sharing"
53,"Apply Online For The Resident Certificate Haryana","Resident Certificate Haryana Application Process",faqBody,"https://drive.google.com/file/d/1WijeINRDOKoHFM0JFNuyHgbDDjF7xUdS/view?usp=drive_link"
54,"Caste Certificate Haryana Online Application Process","Caste Certificate Haryana Online Application Process",bodyUrl,"https://drive.google.com/file/d/18Tsn37Cx-cCL-6SjaUiqzhLAzx3vo9pP/view?usp=sharing"
54,"Caste Certificate Haryana Online Application Process","Caste Certificate Haryana Online Application Process",faqBody,"https://drive.google.com/file/d/14B6TOvt3Rt2u6x6r078GT7tXR4kvRrNp/view?usp=drive_link"
55,"Apply For Income Certificate MH With Zero Hassle","Apply For Income Certificate MH With Zero Hassle",bodyUrl,"https://drive.google.com/file/d/1yCjdSAv_PKczRP8FRBpWyrdM_gTOHpB6/view?usp=sharing"
55,"Apply For Income Certificate MH With Zero Hassle","Apply For Income Certificate MH With Zero Hassle",faqBody,"https://drive.google.com/file/d/17-Rd4iucVH1Cf3E08GF4kzy0_lhRN5lj/view?usp=drive_link"
56,"Online Application Process For Resident Certificate MH","Online Application Process For Resident Certificate MH",bodyUrl,"https://drive.google.com/file/d/1fMQOzDej5Gfr4lFTMGMGby0Tp2AWjwTU/view?usp=sharing"
56,"Online Application Process For Resident Certificate MH","Online Application Process For Resident Certificate MH",faqBody,"https://drive.google.com/file/d/1ZpnD_5hIzabbgESiOZ1wUkcmPcmEg8JI/view?usp=drive_link"
57,"Caste Certificate MH Online Apply","Caste Certificate MH Online Apply",bodyUrl,"https://drive.google.com/file/d/1UTxL2_gIZKbRgokXflZeRGFx7hxeoSYx/view?usp=sharing"
57,"Caste Certificate MH Online Apply","Caste Certificate MH Online Apply",faqBody,"https://drive.google.com/file/d/1vGMflDom7cjWWHwHJLAQkFKBPFIOvqTU/view?usp=drive_link"
58,"Apply For PM Kisan Samman Nidhi Yojana Online","Apply For PM Kisan Samman Nidhi Yojana Online",bodyUrl,"https://drive.google.com/file/d/14sbf_tQAtYSlL4ds7P73zx5Y_TdIGro8/view?usp=drivesdk"
58,"Apply For PM Kisan Samman Nidhi Yojana Online","Apply For PM Kisan Samman Nidhi Yojana Online",faqBody,"https://drive.google.com/file/d/1Ax1tsr9w7EgYAzA7BRWmg6klEO4QixLM/view?usp=sharing"
59,"Apply Online For The PM Internship","Apply Online For The PM Internship",bodyUrl,"https://drive.google.com/file/d/15or3jSB2GXhOpwSbHYDV-3TKHPqAsGcw/view?usp=sharing"
59,"Apply Online For The PM Internship","Apply Online For The PM Internship",faqBody,"https://drive.google.com/file/d/1HPaDUsvMIRBcp3fbIKmDwGBxkIW2quVc/view?usp=drive_link"
60,"Get Your Duplicate Driving License Online","Apply Online For Duplicate DL",bodyUrl,"https://drive.google.com/file/d/1KFpueMSyxaaF1FntAf5-Pm3nUoytab_s/view?usp=sharing"
60,"Get Your Duplicate Driving License Online","Apply Online For Duplicate DL",faqBody,"https://drive.google.com/file/d/1HLlYAF6HXV1sWRovmEAgZ-elXlHAVvMM/view?usp=drive_link"
61,"Link Your Voter-Aadhaar Number Today","Complete Your Aadhaar Number With Voter Id Card Today",bodyUrl,"https://drive.google.com/file/d/1YDLyPVOnHB0KzApcmJkGuGcRiY86Ss7f/view?usp=sharing"
61,"Link Your Voter-Aadhaar Number Today","Complete Your Aadhaar Number With Voter Id Card Today",faqBody,"https://drive.google.com/file/d/1hGeMDFs3q0qZngSmGPdkWcBI-at9h1ZO/view?usp=sharing"
62,"Apply For Happy Card Haryana Online","Grab Your Happy Card Haryana & Save Big",bodyUrl,"https://drive.google.com/file/d/1OQRoLVkqIVH_gL5-T26ShQYjNRwy1CoC/view?usp=drivesdk"
62,"Apply For Happy Card Haryana Online","Grab Your Happy Card Haryana & Save Big",faqBody,"https://drive.google.com/file/d/1KMPI0WEfBOQ5VLa-C_ommXK918vxufRw/view?usp=sharing"
63,"Verify GSTIN","Get Your GSTIN Verification Online",bodyUrl,"https://drive.google.com/file/d/1Hp35jy_Z67CVXF-yLYwusOE2tbjRvqvf/view?usp=drivesdk"
63,"Verify GSTIN","Get Your GSTIN Verification Online",faqBody,"https://drive.google.com/file/d/1JtkGpBX3qRGVqYAsNYrFp3FnE5eLGT-i/view?usp=sharing"
64,"International Driving Permit","Apply Now For International Driving Permit",bodyUrl,"https://drive.google.com/file/d/1JQVmf5CkhHtpHRRamCFnqw-1ik_X-YfS/view?usp=sharing"
64,"International Driving Permit","Apply Now For International Driving Permit",faqBody,"https://drive.google.com/file/d/1CyglSn6WF133xfWsHhw8Lt7jeJvRdybY/view?usp=sharing"
65,"Sauchalay Yojana","Apply Now For Sauchalay Yojana",bodyUrl,"https://drive.google.com/file/d/1Vt5zyTBrfB9lPhLJH2fNoMx2p9X851B7/view?usp=drivesdk"
65,"Sauchalay Yojana","Apply Now For Sauchalay Yojana",faqBody,"https://drive.google.com/file/d/1Ofozs8I6bTGInE5J7C03MX3varcrl08n/view?usp=sharing"
66,"Ladli Behena Yojana","Ladli Behna Yojana EKYC, Do Now",bodyUrl,"https://drive.google.com/file/d/1KEq3drrn8ExrO9mfDRKOnDQhr8Ln99MU/view?usp=drivesdk"
66,"Ladli Behena Yojana","Ladli Behna Yojana EKYC, Do Now",faqBody,"https://drive.google.com/file/d/1t5IzXxOz18gSQCq4xujSZJqHpBrv1sHL/view?usp=sharing"
67,"Vehicle E-Challan","Pay Your Vehicle E-Challan Online",bodyUrl,"https://drive.google.com/file/d/18XgfBwYvCHtxjE-ga2lKkHyQpD-vq556/view?usp=drivesdk"
67,"Vehicle E-Challan","Pay Your Vehicle E-Challan Online",faqBody,"https://drive.google.com/file/d/1KVwZxPB2OG7_icDlW2gYIaY4TEVNUVtd/view?usp=sharing"
68,"Aadhaar Deactivation","Aadhaar Deactivation Made Easy",bodyUrl,"https://drive.google.com/file/d/1aL8dcM0PGA7OjkHK9DeStOKh_zIJ2Abe/view?usp=drivesdk"
68,"Aadhaar Deactivation","Aadhaar Deactivation Made Easy",faqBody,"https://drive.google.com/file/d/19VUU0S0sn7gNUmBsPC01zp48TICNiaCZ/view?usp=sharing"
69,"Birth Certificate","Apply Now And Get Your Birth Certificate",bodyUrl,"https://drive.google.com/file/d/14Yr1L4JGnCwCU6SS8t8vCDQbxF7efOJ4/view?usp=drivesdk"
69,"Birth Certificate","Apply Now And Get Your Birth Certificate",faqBody,"https://drive.google.com/file/d/1eITq86cL-jRRMP2dmw6NzrS85LuiPLpq/view?usp=sharing"
70,"Online FASTag KYV Process","Get Your FASTag KYV Done Online",bodyUrl,"https://drive.google.com/file/d/1wIpm6Vf_l6aUcgbYEX-aUkY8I0HaUgWZ/view?usp=sharing"
70,"Online FASTag KYV Process","Get Your FASTag KYV Done Online",faqBody,"https://drive.google.com/file/d/1S841LpPbaEZ6ghdRKFdDpyZA9RlgOdlf/view?usp=sharing"
71,"लाड़ली बहना योजना","लाड़ली बहना योजना का फायदा उठाइए",bodyUrl,"https://drive.google.com/file/d/1lb10zrZkUYNb7MApMPFu6l4IbUEuAHK8/view?usp=drive_link"
71,"लाड़ली बहना योजना","लाड़ली बहना योजना का फायदा उठाइए",faqBody,"https://drive.google.com/file/d/1guxpp5fU41MvpXErcazfazRWjeh4gbND/view?usp=drive_link"
72,"FASTag One Year Pass","Get Your FASTag One Year Pass Online",bodyUrl,"https://drive.google.com/file/d/1geXB5p66LfleeeHasIdcrA_c5KFFv02x/view?usp=drivesdk"
72,"FASTag One Year Pass","Get Your FASTag One Year Pass Online",faqBody,"https://drive.google.com/file/d/1lsYWkWD-h3xYoMzWRzKow3MSN0u9REB1/view?usp=sharing"
73,"Vaishno Devi Yatra Online Booking","Vaishno Devi Yatra Online Booking Just Got Easier",bodyUrl,"https://drive.google.com/file/d/15FLfPqB2T2OWqZUCevTpq3wRU9jrapI2/view?usp=drivesdk"
73,"Vaishno Devi Yatra Online Booking","Vaishno Devi Yatra Online Booking Just Got Easier",faqBody,"https://drive.google.com/file/d/1CCAdxrH4_0HeQ_wd_GHMfOpBSCIShy_V/view?usp=sharing"
74,"Legal Heir Certificate Apply Instantly","Legal Heir Certificate Needed Urgently? Apply Online Now!",bodyUrl,"https://drive.google.com/file/d/1-kjzsBvxZSqPpHZx5FGY1DSalwAjlmya/view?usp=sharing"
74,"Legal Heir Certificate Apply Instantly","Legal Heir Certificate Needed Urgently? Apply Online Now!",faqBody,"https://drive.google.com/file/d/1N8gTVYyDac_ztUGvlUR_sKE9qYkAYYLu/view?usp=sharing"
75,"Haryana EWS Certificate Apply Online","Your Key to Govt Benefits – Haryana EWS Apply Now",bodyUrl,"https://drive.google.com/file/d/1hPVg0UR8fyPIXR1IVNuir8oNJUcyZK6c/view?usp=drivesdk"
75,"Haryana EWS Certificate Apply Online","Your Key to Govt Benefits – Haryana EWS Apply Now",faqBody,"https://drive.google.com/file/d/1jMWej8tgua6Z_aLpKIbvjs_l48RK--ka/view?usp=drive_link"
76,"Haryana Family Card Application Open","Get Haryana Family Card Online",bodyUrl,"https://drive.google.com/file/d/18UfPo23C_WAP_2MJ-6nONRSj1YYgO4ne/view?usp=drivesdk"
76,"Haryana Family Card Application Open","Get Haryana Family Card Online",faqBody,"https://drive.google.com/file/d/1YkoH8ymXBmAhwuPKOrY81BbA1Wo45TYv/view?usp=sharing"
77,"Permanent Driving License Online Application","Hassle-Free Permanent Driving License Application",bodyUrl,"https://drive.google.com/file/d/1lc6H2qzIIa-oyBHj9DJX5Qn348swZ4e9/view?usp=sharing"
77,"Permanent Driving License Online Application","Hassle-Free Permanent Driving License Application",faqBody,"https://drive.google.com/file/d/1paEH5hUqxQVNyHlpK0TtuVRMuswmNNaF/view?usp=drive_link"
78,"FTI TTP Online Registration","FTI TTP Registration Online",bodyUrl,"https://drive.google.com/file/d/1GjWzm3dRklbixmFjBUm2VY2bRnZxxWhK/view?usp=sharing"
78,"FTI TTP Online Registration","FTI TTP Registration Online",faqBody,"https://drive.google.com/file/d/1pQquFMsxghSZlGcUlhGb37UXcui2Ngsq/view?usp=drive_link"
79,"Apply for GST Registration and Get GST Number in 48 hours","GST Registration Online",bodyUrl,"https://drive.google.com/file/d/1KqGK0uoEHtbWtU4htY3fDEcbCE9Wwr93/view?usp=sharing"
79,"Apply for GST Registration and Get GST Number in 48 hours","GST Registration Online",faqBody,"https://drive.google.com/file/d/1WvZ4tA1I-lT9_5dKEaxL9w2PAFDDqCO6/view?usp=sharing"
80,"Ramanathaswamy Temple","Ramanathaswamy Temple",bodyUrl,"https://drive.google.com/file/d/1HIgt7C9dYpe3lF9Lnd-uVbmTk69jdvqa/view?usp=drivesdk"
80,"Ramanathaswamy Temple","Ramanathaswamy Temple",faqBody,"https://drive.google.com/file/d/1-fcBs9fiv2AD-nKYwHBLUpjk3nNpbo8A/view?usp=sharing"
81,"DSC Registration Online","Register Digital Signature Today",bodyUrl,"https://drive.google.com/file/d/1L0DagqtEGvJs7x0gkP8c9qB7Jcs0VUqv/view?usp=drivesdk"
81,"DSC Registration Online","Register Digital Signature Today",faqBody,"https://drive.google.com/file/d/1xoqNeSb44IVR_OCR7oiji1E7tEocpqLx/view?usp=sharing"
82,"LLP Registration","Register Your LLP Online Today",bodyUrl,"https://drive.google.com/file/d/1SEMVXTdFdXeL0HkLyz-Q93k6P0QdVs0t/view?usp=drivesdk"
82,"LLP Registration","Register Your LLP Online Today",faqBody,"https://drive.google.com/file/d/175aflbTs0BFa3CEagVwZrX3TFTAsVFkQ/view?usp=sharing"
83,"Rental Agreement","Rental Agreement Online Making",bodyUrl,"https://drive.google.com/file/d/1N6z45rIXsfTUarMdoTIJXLnqi71wh-Zp/view?usp=sharing"
83,"Rental Agreement","Rental Agreement Online Making",faqBody,"https://drive.google.com/file/d/1Cm5rBvk7Tfcx4XCJ1rpGQfkYHNyZ7lGx/view?usp=sharing"
84,"MAHADBT Scholarship Application","MAHADBT Scholarship साठी आजच Apply करा",bodyUrl,"https://drive.google.com/file/d/1PCCRl1g0EAqJZYapgnIhHoEOXar9V7jE/view?usp=drivesdk"
84,"MAHADBT Scholarship Application","MAHADBT Scholarship साठी आजच Apply करा",faqBody,"https://drive.google.com/file/d/1xTDoxEfb1hDKCS-SApxVHv7b73pnN2R5/view?usp=sharing"
85,"Lost Mobile Reporting","Instant Online Reporting for Lost Mobiles!",bodyUrl,"https://drive.google.com/file/d/1QIFEM7TIFWZTYek6bhOnArkjFQrEks4Z/view?usp=drivesdk"
85,"Lost Mobile Reporting","Instant Online Reporting for Lost Mobiles!",faqBody,"https://drive.google.com/file/d/1WkhLo90kFdbo8uEQNtbfjdoSJDzYudaU/view?usp=sharing"
86,"PCC for Passport","Get Your PCC for Passport Anytime, Anywhere!",bodyUrl,"https://drive.google.com/file/d/1BpmygxrC2NRgOzwPJgPDECV9OJoYs4Zi/view?usp=drivesdk"
86,"PCC for Passport","Get Your PCC for Passport Anytime, Anywhere!",faqBody,"https://drive.google.com/file/d/1q0SdyHeOldmipy3Hsv221nawAZQS50ze/view?usp=sharing"
87,"Samagra eKYC","Complete Your Samagra eKYC Now",bodyUrl,"https://drive.google.com/file/d/1kKpKvG2f-_Bmm1cbXDXMoX_6eJZDnc_i/view?usp=drivesdk"
87,"Samagra eKYC","Complete Your Samagra eKYC Now",faqBody,"https://drive.google.com/file/d/138BjqJ9YSfhp0KlEmdoyEbZF7YrBMiee/view?usp=sharing"
88,"7/12 Service","7/12 Utara Online मिळवा – आत्ता Apply करा!",bodyUrl,"https://drive.google.com/file/d/19IEiTFvj6iZHDKIACl0OnVNBmfFXFKci/view?usp=drivesdk"
88,"7/12 Service","7/12 Utara Online मिळवा – आत्ता Apply करा!",faqBody,"https://drive.google.com/file/d/1LO2HphNpQdEA6w6L8cUmQZ_Sh93cdreZ/view?usp=sharing"
89,"Shop Act","Get Your Shop Act License Online Today",bodyUrl,"https://drive.google.com/file/d/129fAqsqVMKsjWiKwujnVmaDvw3DhN7s-/view?usp=drivesdk"
89,"Shop Act","Get Your Shop Act License Online Today",faqBody,"https://drive.google.com/file/d/1bLOylLYF1drWKeKaTFba2po0_WcMx96E/view?usp=sharing"
90,"Lost & Found e-FIR","Register Your Lost & Found e-FIR Online Now",bodyUrl,"https://drive.google.com/file/d/1A7FODxagCpDH8vv8TDromBkXhn2w8JdI/view?usp=drivesdk"
90,"Lost & Found e-FIR","Register Your Lost & Found e-FIR Online Now",faqBody,"https://drive.google.com/file/d/1gQOpY1gkyWh98ypAYq0vPIFokagrZWmV/view?usp=sharing"
91,"Aadhar NPCI","Is Your Aadhaar Linked to NPCI?",bodyUrl,"https://drive.google.com/file/d/1HUnTyn6Ub1OPDk9Cq89LuZWogBrHxez_/view?usp=drivesdk"
91,"Aadhar NPCI","Is Your Aadhaar Linked to NPCI?",faqBody,"https://drive.google.com/file/d/16mKQjVXmnXbV2WK1T-N4PaAjo675V86M/view?usp=drive_link"
92,"RC Particulars download","Get RC Particulars Instantly Without Visiting RTO!",bodyUrl,"https://drive.google.com/file/d/1wnrvoOxgWYCEFsgtyHqoAFUD2UMEkLu3/view?usp=drivesdk"
92,"RC Particulars download","Get RC Particulars Instantly Without Visiting RTO!",faqBody,"https://drive.google.com/file/d/10zhYaAvNL95--5mZyDdZSkJfmFbHd2wZ/view?usp=drive_link"
93,"e-Stamp Online","Complete Guide to e-Stamp Online Registration",bodyUrl,"https://drive.google.com/file/d/1X4z800KRirdCHiBDfa90kKQHf6iwxWde/view?usp=drivesdk"
93,"e-Stamp Online","Complete Guide to e-Stamp Online Registration",faqBody,"https://drive.google.com/file/d/1Ui8oJWel3V--_Pa1YMarVzJ41MTi6H4I/view?usp=drive_link"
94,"Charcater Certificate","How to Get a Character Certificate Online in India",bodyUrl,"https://drive.google.com/file/d/1iaaNPmvGL4Y3WSIIldMNDi1lfCyZJCDa/view?usp=drivesdk"
94,"Charcater Certificate","How to Get a Character Certificate Online in India",faqBody,"https://drive.google.com/file/d/1AjeV2_YXtut9iWy84MwP5jjdhlaP6Wxb/view?usp=sharing"
95,"UAE Visa","UAE Visa Online Application Guide",bodyUrl,"https://drive.google.com/file/d/1cpf713kFpm8LWg4LltWj87ZPJXOGRaQc/view?usp=drivesdk"
95,"UAE Visa","UAE Visa Online Application Guide",faqBody,"https://drive.google.com/file/d/1LouER_XMovi2PyqwcMqruR5tYJFXcvuy/view?usp=sharing"
96,"Karanataka Caste Certificate","Get Your Caste Certificate Online Instantly",bodyUrl,"https://drive.google.com/file/d/1A1RFNdO79VGgjW9R5EwK3iMlj2wzTHgZ/view?usp=drivesdk"
96,"Karanataka Caste Certificate","Get Your Caste Certificate Online Instantly",faqBody,"https://drive.google.com/file/d/1z2z5-cF8PztJb4pcRH6KzsXVmSC_vsMF/view?usp=sharing"
97,"Zomato cloud kitchen partner","Zomato Cloud Kitchen Partner Registration Online",bodyUrl,"https://drive.google.com/file/d/1YsjOSpGRACrxkt5F_GUDlGOP5L7EXAqn/view?usp=drivesdk"
97,"Zomato cloud kitchen partner","Zomato Cloud Kitchen Partner Registration Online",faqBody,"https://drive.google.com/file/d/1Cn9fwKA0M8T5fLUUanr0DY1VTJ54a6-I/view?usp=sharing"
98,"Karanataka Domicile","Karnataka Domicile Certificate Apply Online",bodyUrl,"https://drive.google.com/file/d/1yFTxjN-VdBo2bfKqyZMlyYXaEmzIwhWx/view?usp=drivesdk"
98,"Karanataka Domicile","Karnataka Domicile Certificate Apply Online",faqBody,"https://drive.google.com/file/d/1I5Hy9LyiahPObC7LFXFWkpWs9CYeiGy5/view?usp=sharing"
99,"Karanataka Income","Karanataka Income",bodyUrl,"https://drive.google.com/file/d/1rbl8Svh-YyGaVlDHxx4OK3xYRUW_3tzA/view?usp=drivesdk"
99,"Karanataka Income","Karanataka Income",faqBody,"https://drive.google.com/file/d/1DGK5ySjCT2lNlOZdggsENGk6pWaZ5Gjr/view?usp=sharing"